text,intent
งบ 15000 อยากได้คอมเล่นเกม,build_pc
งบ 20000 เล่นเกมลื่นๆได้ไหม,build_pc
งบ 25000 เอาไว้ทำงานกราฟิก,build_pc
ช่วยจัดสเปคคอมให้หน่อย,build_pc
อยากได้คอมใหม่ งบ 30000,build_pc
มีงบ 18000 ใช้เรียนกับเขียนโปรแกรม,build_pc
งบ 22000 เล่นเกม PUBG,build_pc
งบ 27000 ทำงานตัดต่อวิดีโอ,build_pc
อยากได้คอมทำงานออฟฟิศ งบ 15000,build_pc
งบ 35000 เล่นเกม AAA,build_pc
จัดสเปคคอมงบ 20000 ให้หน่อย,build_pc
อยากได้คอมไว้ทำงาน งบ 25000,build_pc
งบ 30000 เล่นเกมได้ไหม,build_pc
มีงบ 40000 อยากได้คอมแรงๆ,build_pc
ช่วยแนะนำคอมงบ 18000,build_pc
งบ 20000 เอาไว้เล่นเกม FPS,build_pc
อยากได้คอมตัดต่อ งบ 28000,build_pc
งบ 15000 ใช้ทำงานทั่วไป,build_pc
มีงบ 23000 เล่นเกมได้ไหม,build_pc
ช่วยจัดคอมงบ 26000,build_pc
งบ 24000 ทำกราฟิก,build_pc
งบ 21000 เล่นเกม,build_pc
อยากได้คอมเขียนโปรแกรม งบ 20000,build_pc
งบ 32000 เล่นเกม AAA,build_pc
มีงบ 17000 เอาไว้เรียน,build_pc
จัดคอมงบ 22000 ให้หน่อย,build_pc
งบ 26000 ทำงานกราฟิก,build_pc
งบ 28000 เล่นเกมลื่นๆ,build_pc
อยากได้คอมใหม่ งบ 20000,build_pc
มีงบ 30000 ทำงาน,build_pc
งบ 35000 ตัดต่อวิดีโอ,build_pc
งบ 18000 เล่นเกมได้ไหม,build_pc
ช่วยจัดคอมงบ 21000,build_pc
งบ 23000 เล่นเกม PUBG,build_pc
งบ 27000 ทำงานออฟฟิศ,build_pc
อยากได้คอมแรงๆ งบ 40000,build_pc
งบ 20000 ทำงานทั่วไป,build_pc
มีงบ 25000 เล่นเกม FPS,build_pc
จัดคอมงบ 30000,build_pc
งบ 15000 ใช้เรียน,build_pc
งบ 20000 เอาไว้ทำงาน,build_pc
งบ 26000 เล่นเกม,build_pc
งบ 28000 ตัดต่อ,build_pc
งบ 24000 ใช้เขียนโปรแกรม,build_pc
อยากได้คอมงบ 35000,build_pc
งบ 22000 เล่นเกมออนไลน์,build_pc
งบ 20000 ใช้งานทั่วไป,build_pc
งบ 27000 เล่นเกม AAA,build_pc
มีงบ 30000 ทำกราฟิก,build_pc
งบ 25000 ทำงาน,build_pc
งบ 18000 เล่นเกมเบาๆ,build_pc
งบ 20000 เขียนโค้ด,build_pc
งบ 23000 เล่นเกม,build_pc
งบ 26000 ทำงาน,build_pc
งบ 30000 ใช้เรียน,build_pc
งบ 35000 เล่นเกม,build_pc
งบ 20000 ทำกราฟิก,build_pc
งบ 24000 เล่นเกม FPS,build_pc
งบ 27000 ใช้ทำงาน,build_pc
งบ 28000 เล่นเกม AAA,build_pc
งบ 22000 ทำงานทั่วไป,build_pc
งบ 21000 เล่นเกม,build_pc
งบ 20000 ทำงานออฟฟิศ,build_pc
งบ 26000 เล่นเกม PUBG,build_pc
งบ 30000 เขียนโปรแกรม,build_pc
งบ 35000 ทำงานกราฟิก,build_pc
งบ 15000 เล่นเกมเบาๆ,build_pc
งบ 18000 ใช้เรียน,build_pc
งบ 20000 เล่นเกม,build_pc
งบ 23000 ทำงาน,build_pc
งบ 26000 ใช้ทั่วไป,build_pc
งบ 28000 ทำกราฟิก,build_pc
งบ 24000 เล่นเกม,build_pc
งบ 22000 เขียนโค้ด,build_pc
งบ 21000 ทำงาน,build_pc
งบ 20000 ใช้ทั่วไป,build_pc
งบ 25000 เล่นเกม,build_pc
งบ 27000 ทำงาน,build_pc
งบ 29000 เล่นเกม,build_pc
งบ 31000 ทำงาน,build_pc
งบ 33000 เล่นเกม,build_pc
งบ 35000 ทำงาน,build_pc
งบ 20000 เล่นเกม FPS,build_pc
งบ 21000 เล่นเกม PUBG,build_pc
งบ 22000 เล่นเกม Valorant,build_pc
งบ 23000 เล่นเกม Dota2,build_pc
งบ 24000 เล่นเกม GTA,build_pc
งบ 25000 เล่นเกม AAA,build_pc
งบ 26000 เล่นเกมออนไลน์,build_pc
งบ 27000 เล่นเกมลื่นๆ,build_pc
งบ 28000 เล่นเกมหนักๆ,build_pc
งบ 29000 เล่นเกม,build_pc
งบ 30000 เล่นเกม,build_pc
งบ 31000 เล่นเกม,build_pc
งบ 32000 เล่นเกม,build_pc
งบ 33000 เล่นเกม,build_pc
งบ 34000 เล่นเกม,build_pc
งบ 35000 เล่นเกม,build_pc
งบ 36000 เล่นเกม,build_pc
งบ 37000 เล่นเกม,build_pc
งบประมาณ 20000 อยากได้คอม,build_pc
มีงบประมาณ 25000 จัดคอมให้หน่อย,build_pc
งบไม่เกิน 30000 เอาไว้เล่นเกม,build_pc
งบประมาณ 18000 ใช้เรียน,build_pc
มีงบราวๆ 22000 เล่นเกมได้ไหม,build_pc
งบประมาณกลางๆ อยากได้คอม,build_pc
อยากได้คอมราคาไม่เกิน 25000,build_pc
งบประมาณ 27000 ทำงานกราฟิก,build_pc
งบประมาณ 32000 เล่นเกม,build_pc
งบประมาณ 35000 ทำงาน,build_pc
มีงบ 20000 แนะนำคอมหน่อย,build_pc
งบ 23000 อยากได้คอมแรงๆ,build_pc
งบประมาณ 26000 เล่นเกม,build_pc
งบประมาณ 28000 ทำงาน,build_pc
งบประมาณ 30000 ใช้เรียน,build_pc
อยากได้คอมงบไม่เกิน 20000,build_pc
งบประมาณ 24000 เล่นเกม FPS,build_pc
งบประมาณ 21000 ทำงานทั่วไป,build_pc
มีงบประมาณ 22000 ใช้งานทั่วไป,build_pc
งบประมาณ 26000 ทำงานออฟฟิศ,build_pc
งบประมาณ 27000 เล่นเกม PUBG,build_pc
งบประมาณ 28000 เล่นเกม AAA,build_pc
งบประมาณ 30000 ทำงานกราฟิก,build_pc
งบประมาณ 35000 เล่นเกมลื่นๆ,build_pc
งบประมาณ 20000 เขียนโปรแกรม,build_pc
งบประมาณ 23000 ใช้เรียน,build_pc
งบประมาณ 25000 ทำงาน,build_pc
งบประมาณ 27000 ใช้ทั่วไป,build_pc
งบประมาณ 29000 เล่นเกม,build_pc
งบประมาณ 31000 ทำงาน,build_pc
งบประมาณ 33000 เล่นเกม,build_pc
งบประมาณ 35000 ใช้งานทั่วไป,build_pc
อยากได้คอมงบประมาณ 20000,build_pc
ช่วยจัดคอมงบประมาณ 25000,build_pc
งบประมาณ 28000 ทำกราฟิก,build_pc
งบประมาณ 30000 เล่นเกม,build_pc
งบประมาณ 32000 ทำงาน,build_pc
งบประมาณ 34000 เล่นเกม,build_pc
งบประมาณ 36000 ใช้งานทั่วไป,build_pc
งบประมาณ 38000 เล่นเกม,build_pc
งบประมาณ 40000 ทำงาน,build_pc
อยากได้คอมงบประมาณกลางๆ,build_pc
งบประมาณไม่เกิน 20000,build_pc
งบประมาณไม่เกิน 25000,build_pc
งบประมาณไม่เกิน 30000,build_pc
งบประมาณไม่เกิน 35000,build_pc
งบประมาณไม่เกิน 40000,build_pc
งบประมาณราวๆ 22000,build_pc
งบประมาณราวๆ 27000,build_pc
งบประมาณราวๆ 30000,build_pc
งบประมาณราวๆ 35000,build_pc
งบประมาณประมาณ 20000,build_pc
งบประมาณประมาณ 25000,build_pc
งบประมาณประมาณ 30000,build_pc
งบประมาณประมาณ 35000,build_pc
งบประมาณประมาณ 40000,build_pc
มีงบประมาณ 20000,build_pc
มีงบประมาณ 25000,build_pc
มีงบประมาณ 30000,build_pc
มีงบประมาณ 35000,build_pc
มีงบประมาณ 40000,build_pc
อยากจัดคอมใหม่,build_pc
ช่วยจัดสเปคให้หน่อย,build_pc
อยากได้คอมดีๆ,build_pc
อยากได้คอมแรงๆ,build_pc
ช่วยเลือกสเปคคอมให้หน่อย,build_pc
แนะนำคอมหน่อย,build_pc
ขอคอมสเปคดีๆ,build_pc
อยากได้คอมไว้ใช้งาน,build_pc
ช่วยแนะนำคอม,build_pc
อยากได้คอมสำหรับเล่นเกม,build_pc
อยากได้คอมสำหรับทำงาน,build_pc
อยากได้คอมสำหรับเรียน,build_pc
อยากได้คอมสำหรับตัดต่อ,build_pc
อยากได้คอมสำหรับกราฟิก,build_pc
อยากได้คอมสำหรับเขียนโปรแกรม,build_pc
อยากได้คอมใช้งานทั่วไป,build_pc
อยากได้คอมแรงๆเล่นเกม,build_pc
อยากได้คอมทำงานลื่นๆ,build_pc
อยากได้คอมใช้งานเร็วๆ,build_pc
จัดคอมให้หน่อย,build_pc
ช่วยเลือกคอมให้หน่อย,build_pc
ขอคำแนะนำคอม,build_pc
อยากได้สเปคคอม,build_pc
ขอคอมสเปคดี,build_pc
อยากได้คอมแรงๆ,build_pc
ช่วยจัดสเปคคอม,build_pc
ขอคำแนะนำการจัดคอม,build_pc
อยากได้คอมใช้งานดีๆ,build_pc
ช่วยเลือกสเปคคอม,build_pc
อยากได้คอมเล่นเกมแรงๆ,build_pc
อยากได้คอมทำงานดีๆ,build_pc
อยากได้คอมเรียนออนไลน์,build_pc
อยากได้คอมทำกราฟิก,build_pc
อยากได้คอมเขียนโค้ด,build_pc
อยากได้คอมใช้งานทั่วไป,build_pc
อยากได้คอมราคาคุ้มๆ,build_pc
อยากได้คอมงบประหยัด,build_pc
อยากได้คอมงบกลางๆ,build_pc
อยากได้คอมงบสูง,build_pc
คอมช้า ทำยังไงดี,optimize_pc
เครื่องช้ามาก แก้ยังไงดี,optimize_pc
อยากให้คอมเร็วขึ้นต้องทำยังไง,optimize_pc
คอมหน่วงมาก,optimize_pc
คอมช้ามาก,optimize_pc
มีวิธีทำให้คอมเร็วขึ้นไหม,optimize_pc
อยากเพิ่มความเร็วเครื่อง,optimize_pc
คอมช้าเวลาเปิดโปรแกรม,optimize_pc
เครื่องช้าเวลาเปิดเครื่อง,optimize_pc
คอมโหลดช้ามาก,optimize_pc
ควรอัปเกรดอะไรให้คอมแรงขึ้น,optimize_pc
คอมกระตุกควรทำยังไง,optimize_pc
เครื่องช้าเล่นเกมไม่ไหว,optimize_pc
อยากให้คอมแรงขึ้น,optimize_pc
ทำยังไงให้คอมลื่นขึ้น,optimize_pc
คอมหน่วงตอนทำงาน,optimize_pc
เครื่องช้าเวลาเปิดหลายโปรแกรม,optimize_pc
คอมค้างบ่อยมาก,optimize_pc
คอมทำงานช้า แก้ยังไง,optimize_pc
คอมช้าเพราะอะไร,optimize_pc
ควรเพิ่ม RAM ไหม,optimize_pc
ควรเปลี่ยน SSD ไหม,optimize_pc
คอมเก่าแล้วควรอัปเกรดยังไง,optimize_pc
คอมกระตุกเวลาเล่นเกมออนไลน์,optimize_pc
คอมช้าเวลาเปิด Chrome,optimize_pc
เครื่องหน่วงเวลาใช้งาน,optimize_pc
คอมช้าเวลาเปิดไฟล์,optimize_pc
เครื่องช้าเวลาใช้งานหนัก,optimize_pc
คอมทำงานไม่ทัน,optimize_pc
คอมช้าเวลา render,optimize_pc
คอมช้าตอนเปิดโปรแกรมใหญ่,optimize_pc
เครื่องช้าเวลาเล่นเกม,optimize_pc
คอม lag มาก,optimize_pc
เครื่องหน่วงมาก,optimize_pc
คอมช้าเวลา multitask,optimize_pc
คอมค้างบ่อย,optimize_pc
เครื่องกระตุก,optimize_pc
คอมทำงานไม่ลื่น,optimize_pc
คอมช้าเกินไป,optimize_pc
คอมช้าเวลาทำงานกราฟิก,optimize_pc
คอมช้าเวลาเขียนโค้ด,optimize_pc
เครื่องช้าเวลาเปิดเกม,optimize_pc
คอมโหลดเกมช้า,optimize_pc
คอมเปิดช้ามาก,optimize_pc
คอม boot ช้า,optimize_pc
คอมช้าเวลาใช้งานทั่วไป,optimize_pc
เครื่องไม่แรงพอ,optimize_pc
คอมไม่ลื่น,optimize_pc
เครื่องไม่เร็ว,optimize_pc
คอมทำงานช้า,optimize_pc
คอมช้าอยากอัปเกรด,optimize_pc
ควรอัปเกรดอะไรดี,optimize_pc
คอมควรเพิ่มอะไรให้แรงขึ้น,optimize_pc
คอมควรเปลี่ยนอะไรดี,optimize_pc
อยากอัปเกรดคอม,optimize_pc
อยากเพิ่มประสิทธิภาพคอม,optimize_pc
ควรเพิ่ม RAM ดีไหม,optimize_pc
ควรเพิ่ม SSD ไหม,optimize_pc
ควรเปลี่ยน CPU ไหม,optimize_pc
ควรเปลี่ยน GPU ไหม,optimize_pc
เพิ่ม RAM แล้วช่วยไหม,optimize_pc
เปลี่ยน SSD แล้วเร็วขึ้นไหม,optimize_pc
คอมช้าเพิ่ม RAM ดีไหม,optimize_pc
คอมช้าเปลี่ยน SSD ดีไหม,optimize_pc
คอมเก่าควรอัปเกรดอะไร,optimize_pc
คอมไม่แรงควรทำยังไง,optimize_pc
คอมช้าแก้ยังไงดี,optimize_pc
เครื่องช้าทำยังไงดี,optimize_pc
คอมช้าต้องทำยังไง,optimize_pc
คอมหน่วงแก้ยังไง,optimize_pc
เครื่องหน่วงแก้ยังไง,optimize_pc
คอมช้าเพราะ RAM ไหม,optimize_pc
คอมช้าเพราะ HDD ไหม,optimize_pc
คอมช้าเพราะ CPU ไหม,optimize_pc
คอมช้าเพราะอะไร,optimize_pc
คอมช้าอยากแก้ไข,optimize_pc
เครื่องช้าอยากแก้,optimize_pc
คอมไม่ลื่นแก้ยังไง,optimize_pc
คอมไม่แรงทำยังไง,optimize_pc
เครื่องไม่ลื่นแก้ยังไง,optimize_pc
คอมช้าควรเพิ่มอะไร,optimize_pc
เครื่องช้าควรเพิ่มอะไร,optimize_pc
คอมช้าอยากให้เร็วขึ้น,optimize_pc
เครื่องช้าอยากให้แรงขึ้น,optimize_pc
คอมช้าอยากอัปเกรด,optimize_pc
เครื่องช้าอยากปรับปรุง,optimize_pc
คอมช้าอยากเพิ่มความเร็ว,optimize_pc
เครื่องช้าอยากเพิ่มประสิทธิภาพ,optimize_pc
คอม lag แก้ยังไง,optimize_pc
คอมกระตุกแก้ยังไง,optimize_pc
เครื่องกระตุกแก้ยังไง,optimize_pc
คอมค้างแก้ยังไง,optimize_pc
เครื่องค้างแก้ยังไง,optimize_pc
คอมช้าตอนเล่นเกม,optimize_pc
คอมช้าตอนทำงาน,optimize_pc
คอมช้าตอนเปิดโปรแกรม,optimize_pc
เครื่องช้าตอนเปิดเครื่อง,optimize_pc
คอมช้าตอนใช้งานหนัก,optimize_pc
เครื่องช้าตอน multitask,optimize_pc
คอมช้าตอน render,optimize_pc
อยากให้คอมเร็วขึ้น,optimize_pc
อยากให้เครื่องแรงขึ้น,optimize_pc
อยากให้คอมลื่นขึ้น,optimize_pc
อยากให้เครื่องเร็วขึ้น,optimize_pc
อยากปรับปรุงคอม,optimize_pc
อยากเพิ่มความเร็วคอม,optimize_pc
อยากเพิ่มประสิทธิภาพเครื่อง,optimize_pc
อยากทำให้คอมแรงขึ้น,optimize_pc
อยากทำให้เครื่องเร็วขึ้น,optimize_pc
อยากทำให้คอมลื่นขึ้น,optimize_pc
อยากอัปเกรด RAM,optimize_pc
อยากอัปเกรด SSD,optimize_pc
อยากอัปเกรด CPU,optimize_pc
อยากอัปเกรด GPU,optimize_pc
อยากเปลี่ยน RAM,optimize_pc
อยากเปลี่ยน SSD,optimize_pc
อยากเปลี่ยน CPU,optimize_pc
อยากเปลี่ยน GPU,optimize_pc
อยากเพิ่ม RAM,optimize_pc
อยากเพิ่ม SSD,optimize_pc
คอมช้าอยากเพิ่ม RAM,optimize_pc
คอมช้าอยากเปลี่ยน SSD,optimize_pc
คอมช้าอยากอัปเกรด CPU,optimize_pc
คอมช้าอยากอัปเกรด GPU,optimize_pc
คอมเก่าควรเปลี่ยนอะไร,optimize_pc
คอมเก่าควรเพิ่มอะไร,optimize_pc
คอมเก่าควรอัปเกรดอะไร,optimize_pc
คอมไม่แรงควรเพิ่มอะไร,optimize_pc
คอมไม่แรงควรเปลี่ยนอะไร,optimize_pc
คอมไม่แรงควรอัปเกรดอะไร,optimize_pc
เครื่องเก่าควรอัปเกรดอะไร,optimize_pc
เครื่องไม่แรงควรทำยังไง,optimize_pc
เครื่องไม่เร็วควรเพิ่มอะไร,optimize_pc
เครื่องไม่ลื่นควรแก้ยังไง,optimize_pc
คอมช้าอยากแก้,optimize_pc
เครื่องช้าอยากแก้,optimize_pc
คอมไม่ลื่นอยากแก้,optimize_pc
เครื่องไม่ลื่นอยากแก้,optimize_pc
คอม lag อยากแก้,optimize_pc
เครื่อง lag อยากแก้,optimize_pc
คอมกระตุกอยากแก้,optimize_pc
เครื่องกระตุกอยากแก้,optimize_pc
คอมค้างอยากแก้,optimize_pc
เครื่องค้างอยากแก้,optimize_pc
คอมช้าอยากปรับ,optimize_pc
เครื่องช้าอยากปรับ,optimize_pc
คอมไม่แรงอยากปรับ,optimize_pc
เครื่องไม่แรงอยากปรับ,optimize_pc
คอมช้าอยากเพิ่มประสิทธิภาพ,optimize_pc
เครื่องช้าอยากเพิ่มประสิทธิภาพ,optimize_pc
คอมช้าอยากให้เร็ว,optimize_pc
เครื่องช้าอยากให้เร็ว,optimize_pc
คอมช้าอยากให้ลื่น,optimize_pc
เครื่องช้าอยากให้ลื่น,optimize_pc
คอมช้าอยากแก้ไข,optimize_pc
เครื่องช้าอยากแก้ไข,optimize_pc
คอมไม่ลื่นอยากเพิ่ม RAM,optimize_pc
คอมไม่ลื่นอยากเพิ่ม SSD,optimize_pc
เครื่องไม่ลื่นอยากเพิ่ม RAM,optimize_pc
เครื่องไม่ลื่นอยากเพิ่ม SSD,optimize_pc
คอม lag อยากเพิ่ม RAM,optimize_pc
คอม lag อยากเปลี่ยน SSD,optimize_pc
เครื่อง lag อยากเพิ่ม RAM,optimize_pc
เครื่อง lag อยากเปลี่ยน SSD,optimize_pc
คอมช้าอยากอัปเกรด RAM,optimize_pc
คอมช้าอยากอัปเกรด SSD,optimize_pc
เครื่องช้าอยากอัปเกรด RAM,optimize_pc
เครื่องช้าอยากอัปเกรด SSD,optimize_pc
คอมช้าอยากเปลี่ยน RAM,optimize_pc
คอมช้าอยากเปลี่ยน SSD,optimize_pc
เครื่องช้าอยากเปลี่ยน RAM,optimize_pc
เครื่องช้าอยากเปลี่ยน SSD,optimize_pc
คอมช้าอยากปรับปรุง,optimize_pc
เครื่องช้าอยากปรับปรุง,optimize_pc
คอมไม่แรงอยากเพิ่ม RAM,optimize_pc
คอมไม่แรงอยากเพิ่ม SSD,optimize_pc
เครื่องไม่แรงอยากเพิ่ม RAM,optimize_pc
เครื่องไม่แรงอยากเพิ่ม SSD,optimize_pc
คอมไม่แรงอยากอัปเกรด,optimize_pc
เครื่องไม่แรงอยากอัปเกรด,optimize_pc
คอมไม่แรงอยากปรับปรุง,optimize_pc
เครื่องไม่แรงอยากปรับปรุง,optimize_pc
คอมช้าอยากแก้ไขด่วน,optimize_pc
เครื่องช้าอยากแก้ไขด่วน,optimize_pc
คอมไม่ลื่นอยากแก้ไขด่วน,optimize_pc
เครื่องไม่ลื่นอยากแก้ไขด่วน,optimize_pc
คอม lag อยากแก้ไขด่วน,optimize_pc
เครื่อง lag อยากแก้ไขด่วน,optimize_pc
คอมกระตุกอยากแก้ไขด่วน,optimize_pc
เครื่องกระตุกอยากแก้ไขด่วน,optimize_pc
คอมค้างอยากแก้ไขด่วน,optimize_pc
เครื่องค้างอยากแก้ไขด่วน,optimize_pc
คอมช้ามากอยากแก้,optimize_pc
เครื่องช้ามากอยากแก้,optimize_pc
คอมช้ามากอยากปรับ,optimize_pc
เครื่องช้ามากอยากปรับ,optimize_pc
คอมช้ามากอยากอัปเกรด,optimize_pc
เครื่องช้ามากอยากอัปเกรด,optimize_pc
คอมช้ามากอยากเพิ่ม RAM,optimize_pc
เครื่องช้ามากอยากเพิ่ม SSD,optimize_pc
CPU คืออะไร,ask_component
GPU คืออะไร,ask_component
RAM คืออะไร,ask_component
SSD คืออะไร,ask_component
HDD คืออะไร,ask_component
การ์ดจอคืออะไร,ask_component
เมนบอร์ดคืออะไร,ask_component
Power supply คืออะไร,ask_component
CPU ทำหน้าที่อะไร,ask_component
GPU ทำหน้าที่อะไร,ask_component
RAM มีไว้ทำอะไร,ask_component
SSD ใช้ทำอะไร,ask_component
HDD ใช้ทำอะไร,ask_component
การ์ดจอมีไว้ทำอะไร,ask_component
CPU สำคัญไหม,ask_component
GPU สำคัญไหม,ask_component
RAM สำคัญไหม,ask_component
SSD สำคัญไหม,ask_component
HDD สำคัญไหม,ask_component
เมนบอร์ดสำคัญไหม,ask_component
CPU ใช้ทำอะไร,ask_component
GPU ใช้ทำอะไร,ask_component
RAM ใช้ทำอะไร,ask_component
SSD ต่างจาก HDD ยังไง,ask_component
CPU กับ GPU ต่างกันยังไง,ask_component
RAM กับ SSD ต่างกันยังไง,ask_component
SSD ดีกว่า HDD ไหม,ask_component
RAM 8GB พอไหม,ask_component
RAM 16GB ดีกว่าไหม,ask_component
CPU รุ่นไหนดี,ask_component
GPU รุ่นไหนดี,ask_component
SSD แบบไหนดี,ask_component
HDD แบบไหนดี,ask_component
การ์ดจอรุ่นไหนดี,ask_component
CPU แรงแค่ไหน,ask_component
GPU แรงแค่ไหน,ask_component
RAM ต้องใช้เท่าไหร่,ask_component
SSD ต้องใช้เท่าไหร่,ask_component
HDD ต้องใช้เท่าไหร่,ask_component
การ์ดจอใช้ทำอะไร,ask_component
CPU ดีสำหรับเล่นเกมไหม,ask_component
GPU ดีสำหรับเล่นเกมไหม,ask_component
RAM มีผลต่อเกมไหม,ask_component
SSD มีผลต่อความเร็วไหม,ask_component
HDD ช้ากว่า SSD ไหม,ask_component
CPU แบบไหนเหมาะกับงานกราฟิก,ask_component
GPU แบบไหนเหมาะกับเกม,ask_component
RAM แบบไหนเหมาะกับงาน,ask_component
SSD แบบไหนเร็ว,ask_component
HDD แบบไหนคุ้ม,ask_component
CPU i5 ดีไหม,ask_component
CPU Ryzen ดีไหม,ask_component
GPU RTX ดีไหม,ask_component
RAM DDR4 กับ DDR5 ต่างกันยังไง,ask_component
SSD NVMe คืออะไร,ask_component
SSD SATA คืออะไร,ask_component
HDD กับ SSD เลือกอะไรดี,ask_component
CPU รุ่นไหนคุ้ม,ask_component
GPU รุ่นไหนคุ้ม,ask_component
RAM กี่ GB ดี,ask_component
SSD กี่ GB ดี,ask_component
HDD กี่ TB ดี,ask_component
CPU ต้องดูอะไรบ้าง,ask_component
GPU ต้องดูอะไรบ้าง,ask_component
RAM ต้องดูอะไรบ้าง,ask_component
SSD ต้องดูอะไรบ้าง,ask_component
HDD ต้องดูอะไรบ้าง,ask_component
การ์ดจอเลือกยังไง,ask_component
CPU เลือกยังไง,ask_component
RAM เลือกยังไง,ask_component
SSD เลือกยังไง,ask_component
HDD เลือกยังไง,ask_component
CPU ใช้กับอะไร,ask_component
GPU ใช้กับอะไร,ask_component
RAM ใช้กับอะไร,ask_component
SSD ใช้กับอะไร,ask_component
HDD ใช้กับอะไร,ask_component
CPU มีผลต่ออะไร,ask_component
GPU มีผลต่ออะไร,ask_component
RAM มีผลต่ออะไร,ask_component
SSD มีผลต่ออะไร,ask_component
HDD มีผลต่ออะไร,ask_component
CPU ทำงานยังไง,ask_component
GPU ทำงานยังไง,ask_component
RAM ทำงานยังไง,ask_component
SSD ทำงานยังไง,ask_component
HDD ทำงานยังไง,ask_component
CPU ดีสำหรับงานอะไร,ask_component
GPU ดีสำหรับงานอะไร,ask_component
RAM ดีสำหรับงานอะไร,ask_component
SSD ดีสำหรับงานอะไร,ask_component
HDD ดีสำหรับงานอะไร,ask_component
CPU ใช้กับเกมอะไรดี,ask_component
GPU ใช้กับเกมอะไรดี,ask_component
RAM ใช้กับเกมอะไรดี,ask_component
SSD ใช้กับเกมอะไรดี,ask_component
HDD ใช้กับเกมอะไรดี,ask_component
CPU มีแบบไหนบ้าง,ask_component
GPU มีแบบไหนบ้าง,ask_component
RAM มีแบบไหนบ้าง,ask_component
SSD มีแบบไหนบ้าง,ask_component
HDD มีแบบไหนบ้าง,ask_component
CPU ราคาเท่าไหร่,ask_component
GPU ราคาเท่าไหร่,ask_component
RAM ราคาเท่าไหร่,ask_component
SSD ราคาเท่าไหร่,ask_component
HDD ราคาเท่าไหร่,ask_component
CPU ตัวไหนดี,ask_component
GPU ตัวไหนดี,ask_component
RAM ตัวไหนดี,ask_component
SSD ตัวไหนดี,ask_component
HDD ตัวไหนดี,ask_component
CPU แบบไหนดี,ask_component
GPU แบบไหนดี,ask_component
RAM แบบไหนดี,ask_component
SSD แบบไหนดี,ask_component
HDD แบบไหนดี,ask_component
CPU รุ่นไหนแรง,ask_component
GPU รุ่นไหนแรง,ask_component
RAM รุ่นไหนดี,ask_component
SSD รุ่นไหนดี,ask_component
HDD รุ่นไหนดี,ask_component
CPU ใช้กับงานอะไรดี,ask_component
GPU ใช้กับงานอะไรดี,ask_component
RAM ใช้กับงานอะไรดี,ask_component
SSD ใช้กับงานอะไรดี,ask_component
HDD ใช้กับงานอะไรดี,ask_component
CPU สำหรับเล่นเกมดีไหม,ask_component
GPU สำหรับเล่นเกมดีไหม,ask_component
RAM สำหรับเล่นเกมพอไหม,ask_component
SSD สำหรับเล่นเกมดีไหม,ask_component
HDD สำหรับเล่นเกมดีไหม,ask_component
CPU สำหรับทำงานดีไหม,ask_component
GPU สำหรับทำงานดีไหม,ask_component
RAM สำหรับทำงานพอไหม,ask_component
SSD สำหรับทำงานดีไหม,ask_component
HDD สำหรับทำงานดีไหม,ask_component
CPU สำหรับกราฟิกดีไหม,ask_component
GPU สำหรับกราฟิกดีไหม,ask_component
RAM สำหรับกราฟิกพอไหม,ask_component
SSD สำหรับกราฟิกดีไหม,ask_component
HDD สำหรับกราฟิกดีไหม,ask_component
CPU สำหรับเขียนโปรแกรมดีไหม,ask_component
GPU สำหรับเขียนโปรแกรมดีไหม,ask_component
RAM สำหรับเขียนโค้ดพอไหม,ask_component
SSD สำหรับเขียนโค้ดดีไหม,ask_component
HDD สำหรับเขียนโค้ดดีไหม,ask_component
CPU แบบไหนเร็ว,ask_component
GPU แบบไหนเร็ว,ask_component
RAM แบบไหนเร็ว,ask_component
SSD แบบไหนเร็วที่สุด,ask_component
HDD แบบไหนเร็ว,ask_component
CPU แบบไหนคุ้ม,ask_component
GPU แบบไหนคุ้ม,ask_component
RAM แบบไหนคุ้ม,ask_component
SSD แบบไหนคุ้ม,ask_component
HDD แบบไหนคุ้ม,ask_component
CPU ควรเลือกยังไง,ask_component
GPU ควรเลือกยังไง,ask_component
RAM ควรเลือกยังไง,ask_component
SSD ควรเลือกยังไง,ask_component
HDD ควรเลือกยังไง,ask_component
CPU ต้องดูอะไร,ask_component
GPU ต้องดูอะไร,ask_component
RAM ต้องดูอะไร,ask_component
SSD ต้องดูอะไร,ask_component
HDD ต้องดูอะไร,ask_component
CPU จำเป็นไหม,ask_component
GPU จำเป็นไหม,ask_component
RAM จำเป็นไหม,ask_component
SSD จำเป็นไหม,ask_component
HDD จำเป็นไหม,ask_component
CPU สำคัญกับเกมไหม,ask_component
GPU สำคัญกับเกมไหม,ask_component
RAM สำคัญกับเกมไหม,ask_component
SSD สำคัญกับเกมไหม,ask_component
HDD สำคัญกับเกมไหม,ask_component
CPU สำคัญกับงานไหม,ask_component
GPU สำคัญกับงานไหม,ask_component
RAM สำคัญกับงานไหม,ask_component
SSD สำคัญกับงานไหม,ask_component
HDD สำคัญกับงานไหม,ask_component
CPU มีผลต่อเกมไหม,ask_component
GPU มีผลต่อเกมไหม,ask_component
RAM มีผลต่อเกมไหม,ask_component
SSD มีผลต่อเกมไหม,ask_component
HDD มีผลต่อเกมไหม,ask_component
CPU มีผลต่อความเร็วไหม,ask_component
GPU มีผลต่อความเร็วไหม,ask_component
RAM มีผลต่อความเร็วไหม,ask_component
SSD มีผลต่อความเร็วไหม,ask_component
HDD มีผลต่อความเร็วไหม,ask_component
CPU ดีไหม,ask_component
GPU ดีไหม,ask_component
RAM ดีไหม,ask_component
SSD ดีไหม,ask_component
HDD ดีไหม,ask_component
CPU คุ้มไหม,ask_component
GPU คุ้มไหม,ask_component
RAM คุ้มไหม,ask_component
SSD กับ HDD ต่างกันยังไง,compare_component
RTX 3060 กับ RTX 4060 ต่างกันยังไง,compare_component
Ryzen 5 กับ i5 ต่างกันยังไง,compare_component
RAM 8GB กับ 16GB ต่างกันยังไง,compare_component
HDD กับ SSD อันไหนดีกว่า,compare_component
CPU Intel กับ AMD ต่างกันยังไง,compare_component
GPU RTX กับ GTX ต่างกันยังไง,compare_component
SSD NVMe กับ SATA ต่างกันยังไง,compare_component
RAM DDR4 กับ DDR5 ต่างกันยังไง,compare_component
i3 กับ i5 ต่างกันยังไง,compare_component
i5 กับ i7 ต่างกันยังไง,compare_component
Ryzen 5 กับ Ryzen 7 ต่างกันยังไง,compare_component
RTX 3050 กับ RTX 3060 ต่างกันยังไง,compare_component
GTX 1660 กับ RTX 2060 ต่างกันยังไง,compare_component
SSD 256GB กับ 512GB ต่างกันยังไง,compare_component
RAM 16GB กับ 32GB ต่างกันยังไง,compare_component
CPU 4 core กับ 6 core ต่างกันยังไง,compare_component
CPU 6 core กับ 8 core ต่างกันยังไง,compare_component
GPU 6GB กับ 8GB ต่างกันยังไง,compare_component
HDD 1TB กับ 2TB ต่างกันยังไง,compare_component
SSD กับ HDD เลือกอะไรดี,compare_component
RTX 4060 กับ RTX 4070 ต่างกันยังไง,compare_component
i7 กับ i9 ต่างกันยังไง,compare_component
Ryzen 7 กับ Ryzen 9 ต่างกันยังไง,compare_component
RAM bus 2666 กับ 3200 ต่างกันยังไง,compare_component
SSD NVMe กับ SSD SATA อันไหนเร็วกว่า,compare_component
HDD 5400 กับ 7200 ต่างกันยังไง,compare_component
GPU 8GB กับ 12GB ต่างกันยังไง,compare_component
CPU Gen 10 กับ Gen 12 ต่างกันยังไง,compare_component
Intel Gen 11 กับ Gen 13 ต่างกันยังไง,compare_component
RTX กับ GTX อันไหนดีกว่า,compare_component
AMD กับ Intel อันไหนดีกว่า,compare_component
SSD กับ HDD อันไหนเร็วกว่า,compare_component
RAM เยอะกับน้อยต่างกันยังไง,compare_component
CPU รุ่นใหม่กับรุ่นเก่าต่างกันยังไง,compare_component
GPU รุ่นใหม่กับรุ่นเก่าต่างกันยังไง,compare_component
SSD แบบ M.2 กับ SATA ต่างกันยังไง,compare_component
RAM single กับ dual ต่างกันยังไง,compare_component
CPU 3GHz กับ 4GHz ต่างกันยังไง,compare_component
GPU clock ต่างกันยังไง,compare_component
HDD กับ SSD อันไหนคุ้มกว่า,compare_component
RTX 3060 กับ RTX 3070 เลือกอะไรดี,compare_component
Ryzen 5 กับ i5 เลือกอะไรดี,compare_component
RAM 8GB กับ 16GB เลือกอะไรดี,compare_component
SSD 512GB กับ 1TB เลือกอะไรดี,compare_component
HDD กับ SSD แบบไหนดี,compare_component
GPU 3050 กับ 3060 เลือกอะไรดี,compare_component
CPU i3 กับ i5 เลือกอะไรดี,compare_component
CPU i5 กับ i7 เลือกอะไรดี,compare_component
Ryzen 5 กับ Ryzen 7 เลือกอะไรดี,compare_component
RTX 2060 กับ RTX 3060 ต่างกันยังไง,compare_component
GTX 1650 กับ GTX 1660 ต่างกันยังไง,compare_component
SSD กับ HDD ต่างกันตรงไหน,compare_component
RAM DDR3 กับ DDR4 ต่างกันยังไง,compare_component
CPU laptop กับ desktop ต่างกันยังไง,compare_component
GPU laptop กับ desktop ต่างกันยังไง,compare_component
SSD แบบ external กับ internal ต่างกันยังไง,compare_component
HDD external กับ internal ต่างกันยังไง,compare_component
CPU 2 core กับ 4 core ต่างกันยังไง,compare_component
GPU 4GB กับ 6GB ต่างกันยังไง,compare_component
SSD NVMe Gen3 กับ Gen4 ต่างกันยังไง,compare_component
RAM DDR4 กับ DDR5 อันไหนดีกว่า,compare_component
CPU Intel Gen 12 กับ Gen 13 ต่างกันยังไง,compare_component
GPU RTX 4070 กับ 4080 ต่างกันยังไง,compare_component
HDD 1TB กับ SSD 512GB เลือกอะไรดี,compare_component
RAM 16GB กับ 8GB อันไหนดีกว่า,compare_component
CPU Ryzen กับ Intel ต่างกันยังไง,compare_component
GPU AMD กับ NVIDIA ต่างกันยังไง,compare_component
SSD SATA กับ NVMe อันไหนดีกว่า,compare_component
HDD กับ SSD แบบไหนเร็วกว่า,compare_component
CPU i7 กับ Ryzen 7 ต่างกันยังไง,compare_component
GPU RTX กับ AMD ต่างกันยังไง,compare_component
RAM dual channel กับ single ต่างกันยังไง,compare_component
SSD 1TB กับ HDD 2TB เลือกอะไรดี,compare_component
CPU Gen 9 กับ Gen 12 ต่างกันยังไง,compare_component
GPU RTX 3050 กับ GTX 1660 ต่างกันยังไง,compare_component
RAM 2400 กับ 3200 ต่างกันยังไง,compare_component
SSD แบบ PCIe กับ SATA ต่างกันยังไง,compare_component
HDD กับ SSD ใช้ต่างกันยังไง,compare_component
CPU Intel กับ Ryzen แบบไหนแรงกว่า,compare_component
GPU RTX กับ GTX แบบไหนแรงกว่า,compare_component
RAM 8GB กับ 16GB แบบไหนดีกว่า,compare_component
SSD กับ HDD แบบไหนดีกว่า,compare_component
CPU รุ่นใหม่กับเก่าต่างกันยังไง,compare_component
GPU รุ่นใหม่กับเก่าต่างกันยังไง,compare_component
RAM รุ่นใหม่กับเก่าต่างกันยังไง,compare_component
SSD รุ่นใหม่กับเก่าต่างกันยังไง,compare_component
HDD รุ่นใหม่กับเก่าต่างกันยังไง,compare_component
CPU 4 core กับ 8 core แบบไหนดีกว่า,compare_component
GPU 6GB กับ 12GB แบบไหนดีกว่า,compare_component
RAM 16GB กับ 32GB แบบไหนดีกว่า,compare_component
SSD 512GB กับ 1TB แบบไหนดีกว่า,compare_component
HDD 1TB กับ 2TB แบบไหนดีกว่า,compare_component
CPU clock สูงกับต่ำต่างกันยังไง,compare_component
GPU memory ต่างกันยังไง,compare_component
RAM bus ต่างกันยังไง,compare_component
SSD read write ต่างกันยังไง,compare_component
HDD rpm ต่างกันยังไง,compare_component
CPU laptop กับ PC แบบไหนดีกว่า,compare_component
GPU laptop กับ PC แบบไหนดีกว่า,compare_component
SSD แบบ M.2 กับ SATA แบบไหนดีกว่า,compare_component
HDD external กับ SSD external ต่างกันยังไง,compare_component
CPU Gen 10 กับ Gen 11 ต่างกันยังไง,compare_component
GPU RTX 3060 กับ RTX 4060 แบบไหนดีกว่า,compare_component
RAM DDR4 กับ DDR5 แบบไหนเร็วกว่า,compare_component
SSD NVMe กับ SATA แบบไหนเร็วกว่า,compare_component
HDD กับ SSD แบบไหนช้ากว่า,compare_component
CPU i5 Gen 10 กับ Gen 12 ต่างกันยังไง,compare_component
GPU RTX 3070 กับ RTX 3080 ต่างกันยังไง,compare_component
RAM 2666 กับ 3200 แบบไหนดีกว่า,compare_component
SSD Gen3 กับ Gen4 แบบไหนเร็วกว่า,compare_component
HDD 5400 กับ 7200 แบบไหนดีกว่า,compare_component
CPU Ryzen 5 กับ Ryzen 7 แบบไหนดีกว่า,compare_component
GPU GTX กับ RTX ต่างกันยังไง,compare_component
RAM single กับ dual channel แบบไหนดีกว่า,compare_component
SSD 256GB กับ 512GB แบบไหนคุ้มกว่า,compare_component
HDD 1TB กับ SSD 1TB ต่างกันยังไง,compare_component
CPU Intel กับ AMD แบบไหนคุ้มกว่า,compare_component
GPU NVIDIA กับ AMD แบบไหนคุ้มกว่า,compare_component
RAM DDR3 กับ DDR4 แบบไหนดีกว่า,compare_component
SSD SATA กับ NVMe แบบไหนคุ้มกว่า,compare_component
HDD กับ SSD แบบไหนเหมาะเล่นเกม,compare_component
CPU รุ่นเก่ากับใหม่แบบไหนคุ้ม,compare_component
GPU รุ่นเก่ากับใหม่แบบไหนคุ้ม,compare_component
RAM รุ่นเก่ากับใหม่แบบไหนคุ้ม,compare_component
SSD รุ่นเก่ากับใหม่แบบไหนคุ้ม,compare_component
HDD รุ่นเก่ากับใหม่แบบไหนคุ้ม,compare_component
CPU i3 กับ i7 ต่างกันยังไง,compare_component
GPU RTX 3050 กับ RTX 4060 ต่างกันยังไง,compare_component
RAM 8GB กับ 32GB ต่างกันยังไง,compare_component
SSD 256GB กับ 1TB ต่างกันยังไง,compare_component
HDD 500GB กับ 2TB ต่างกันยังไง,compare_component
CPU core เยอะกับน้อยต่างกันยังไง,compare_component
GPU VRAM ต่างกันยังไง,compare_component
RAM speed ต่างกันยังไง,compare_component
SSD speed ต่างกันยังไง,compare_component
HDD speed ต่างกันยังไง,compare_component
CPU gaming กับ work ต่างกันยังไง,compare_component
GPU gaming กับ work ต่างกันยังไง,compare_component
RAM gaming กับ work ต่างกันยังไง,compare_component
SSD gaming กับ work ต่างกันยังไง,compare_component
HDD gaming กับ work ต่างกันยังไง,compare_component
CPU รุ่น A กับ B ต่างกันยังไง,compare_component
GPU รุ่น A กับ B ต่างกันยังไง,compare_component
RAM รุ่น A กับ B ต่างกันยังไง,compare_component
SSD รุ่น A กับ B ต่างกันยังไง,compare_component
HDD รุ่น A กับ B ต่างกันยังไง,compare_component
CPU กับ GPU อันไหนสำคัญกว่า,compare_component
RAM กับ SSD อันไหนสำคัญกว่า,compare_component
SSD กับ HDD อันไหนจำเป็นกว่า,compare_component
CPU กับ RAM อันไหนสำคัญกว่า,compare_component
GPU กับ RAM อันไหนสำคัญกว่า,compare_component
CPU กับ SSD อันไหนสำคัญกว่า,compare_component
GPU กับ SSD อันไหนสำคัญกว่า,compare_component
RAM กับ HDD อันไหนสำคัญกว่า,compare_component
SSD กับ GPU อันไหนสำคัญกว่า,compare_component
CPU กับ GPU แบบไหนแรงกว่า,compare_component
RAM กับ SSD แบบไหนเร็วกว่า,compare_component
HDD กับ SSD แบบไหนเร็วกว่า,compare_component
CPU กับ GPU แบบไหนคุ้มกว่า,compare_component
RAM กับ SSD แบบไหนคุ้มกว่า,compare_component
HDD กับ SSD แบบไหนคุ้มกว่า,compare_component
CPU กับ GPU แบบไหนเหมาะเล่นเกม,compare_component
RAM กับ SSD แบบไหนเหมาะเล่นเกม,compare_component
HDD กับ SSD แบบไหนเหมาะเล่นเกม,compare_component
CPU กับ GPU แบบไหนเหมาะทำงาน,compare_component
RAM กับ SSD แบบไหนเหมาะทำงาน,compare_component
HDD กับ SSD แบบไหนเหมาะทำงาน,compare_component
CPU แบบไหนแรงสุด,compare_component
GPU แบบไหนแรงสุด,compare_component
RAM แบบไหนแรงสุด,compare_component
SSD แบบไหนแรงสุด,compare_component
HDD แบบไหนแรงสุด,compare_component
CPU แบบไหนดีที่สุด,compare_component
GPU แบบไหนดีที่สุด,compare_component
RAM แบบไหนดีที่สุด,compare_component
SSD แบบไหนดีที่สุด,compare_component
HDD แบบไหนดีที่สุด,compare_component
CPU แบบไหนคุ้มที่สุด,compare_component
GPU แบบไหนคุ้มที่สุด,compare_component
RAM แบบไหนคุ้มที่สุด,compare_component
SSD แบบไหนคุ้มที่สุด,compare_component
HDD แบบไหนคุ้มที่สุด,compare_component
CPU แบบไหนเหมาะสุด,compare_component
GPU แบบไหนเหมาะสุด,compare_component
RAM แบบไหนเหมาะสุด,compare_component
SSD แบบไหนเหมาะสุด,compare_component
HDD แบบไหนเหมาะสุด,compare_component
CPU แบบไหนดีกว่า,compare_component
GPU แบบไหนดีกว่า,compare_component
RAM แบบไหนดีกว่า,compare_component
SSD แบบไหนดีกว่า,compare_component
HDD แบบไหนดีกว่า,compare_component
CPU แบบไหนเร็วกว่า,compare_component
GPU แบบไหนเร็วกว่า,compare_component
RAM แบบไหนเร็วกว่า,compare_component
SSD แบบไหนเร็วกว่า,compare_component
HDD แบบไหนเร็วกว่า,compare_component
CPU แบบไหนแรงกว่า,compare_component
GPU แบบไหนแรงกว่า,compare_component
คอมพิวเตอร์คืออะไร,general_question
คอมพิวเตอร์ทำงานยังไง,general_question
คอมใช้ทำอะไรได้บ้าง,general_question
คอมมีกี่ประเภท,general_question
โน้ตบุ๊คกับพีซีต่างกันยังไง,general_question
Windows คืออะไร,general_question
macOS คืออะไร,general_question
Linux คืออะไร,general_question
ระบบปฏิบัติการคืออะไร,general_question
Software คืออะไร,general_question
Hardware คืออะไร,general_question
โปรแกรมคืออะไร,general_question
แอปพลิเคชันคืออะไร,general_question
อินเทอร์เน็ตคืออะไร,general_question
WiFi คืออะไร,general_question
LAN คืออะไร,general_question
CPU ทำงานยังไง,general_question
GPU ทำงานยังไง,general_question
RAM ทำงานยังไง,general_question
SSD ทำงานยังไง,general_question
HDD ทำงานยังไง,general_question
คอมพิวเตอร์สำคัญยังไง,general_question
คอมพิวเตอร์มีประโยชน์อะไร,general_question
คอมพิวเตอร์ใช้ในงานอะไรบ้าง,general_question
ทำไมคอมถึงช้า,general_question
ทำไมคอมถึงเร็ว,general_question
คอมดีคืออะไร,general_question
คอมแรงคืออะไร,general_question
คอมลื่นคืออะไร,general_question
คอมกระตุกคืออะไร,general_question
คอมค้างคืออะไร,general_question
คอมเสียคืออะไร,general_question
คอมมีส่วนประกอบอะไรบ้าง,general_question
คอมพิวเตอร์มีกี่ส่วน,general_question
คอมพิวเตอร์ประกอบด้วยอะไร,general_question
อุปกรณ์คอมมีอะไรบ้าง,general_question
อุปกรณ์คอมสำคัญอะไรบ้าง,general_question
คอมพิวเตอร์ใช้ไฟเยอะไหม,general_question
คอมพิวเตอร์กินไฟไหม,general_question
คอมเปิดทั้งวันได้ไหม,general_question
คอมเปิดทิ้งไว้ได้ไหม,general_question
คอมต้องปิดทุกวันไหม,general_question
คอมต้องรีสตาร์ทไหม,general_question
คอมต้องดูแลยังไง,general_question
คอมต้องทำความสะอาดไหม,general_question
คอมร้อนปกติไหม,general_question
คอมร้อนอันตรายไหม,general_question
คอมเสียงดังปกติไหม,general_question
คอมพังเกิดจากอะไร,general_question
คอมเสียแก้ยังไง,general_question
คอมใหม่ต้องทำอะไรบ้าง,general_question
คอมเก่าทำอะไรได้บ้าง,general_question
คอมใช้ได้นานแค่ไหน,general_question
คอมอยู่ได้กี่ปี,general_question
คอมควรเปลี่ยนเมื่อไหร่,general_question
คอมควรอัปเกรดเมื่อไหร่,general_question
คอมแบบไหนเหมาะกับนักเรียน,general_question
คอมแบบไหนเหมาะกับทำงาน,general_question
คอมแบบไหนเหมาะกับเล่นเกม,general_question
คอมแบบไหนเหมาะกับกราฟิก,general_question
คอมต้องมีอะไรบ้าง,general_question
คอมจำเป็นไหม,general_question
คอมสำคัญไหม,general_question
คอมทำอะไรได้บ้าง,general_question
คอมช่วยอะไรได้บ้าง,general_question
คอมพิวเตอร์พัฒนาไปยังไง,general_question
คอมพิวเตอร์มีอนาคตไหม,general_question
AI คืออะไร,general_question
Machine Learning คืออะไร,general_question
Programming คืออะไร,general_question
Coding คืออะไร,general_question
Software Engineer คืออะไร,general_question
Data คืออะไร,general_question
Cloud คืออะไร,general_question
Server คืออะไร,general_question
Database คืออะไร,general_question
Website คืออะไร,general_question
Application คืออะไร,general_question
Mobile App คืออะไร,general_question
Web App คืออะไร,general_question
Backend คืออะไร,general_question
Frontend คืออะไร,general_question
API คืออะไร,general_question
JSON คืออะไร,general_question
HTML คืออะไร,general_question
CSS คืออะไร,general_question
JavaScript คืออะไร,general_question
Python คืออะไร,general_question
Java คืออะไร,general_question
C++ คืออะไร,general_question
Git คืออะไร,general_question
GitHub คืออะไร,general_question
Version Control คืออะไร,general_question
Open Source คืออะไร,general_question
OS คืออะไร,general_question
Kernel คืออะไร,general_question
Driver คืออะไร,general_question
Firmware คืออะไร,general_question
BIOS คืออะไร,general_question
UEFI คืออะไร,general_question
คอมพิวเตอร์ต่างจากมือถือยังไง,general_question
คอมพิวเตอร์กับแท็บเล็ตต่างกันยังไง,general_question
คอมพิวเตอร์กับโน้ตบุ๊คต่างกันยังไง,general_question
ทำไมต้องใช้คอม,general_question
คอมพิวเตอร์จำเป็นแค่ไหน,general_question
คอมพิวเตอร์ช่วยการเรียนยังไง,general_question
คอมพิวเตอร์ช่วยงานยังไง,general_question
คอมพิวเตอร์ช่วยชีวิตยังไง,general_question
คอมพิวเตอร์สำคัญต่อโลกยังไง,general_question
คอมพิวเตอร์ใช้ในธุรกิจยังไง,general_question
คอมพิวเตอร์ใช้ในโรงเรียนยังไง,general_question
คอมพิวเตอร์ใช้ในบริษัทยังไง,general_question
คอมพิวเตอร์ใช้ในเกมยังไง,general_question
คอมพิวเตอร์ใช้ในกราฟิกยังไง,general_question
คอมพิวเตอร์ใช้ในโปรแกรมยังไง,general_question
คอมพิวเตอร์ใช้ใน AI ยังไง,general_question
คอมพิวเตอร์ใช้ใน Cloud ยังไง,general_question
คอมพิวเตอร์ใช้ใน Server ยังไง,general_question
คอมพิวเตอร์ใช้ใน Data ยังไง,general_question
คอมพิวเตอร์ใช้ใน Web ยังไง,general_question
คอมพิวเตอร์ใช้ใน Mobile ยังไง,general_question
คอมพิวเตอร์ใช้ใน Network ยังไง,general_question
คอมพิวเตอร์ใช้ใน Security ยังไง,general_question
คอมพิวเตอร์ใช้ใน IoT ยังไง,general_question
คอมพิวเตอร์ใช้ใน Robotics ยังไง,general_question
คอมพิวเตอร์ใช้ใน Automation ยังไง,general_question
คอมพิวเตอร์ใช้ใน Gaming ยังไง,general_question
คอมพิวเตอร์ใช้ใน Video ยังไง,general_question
คอมพิวเตอร์ใช้ใน Audio ยังไง,general_question
คอมพิวเตอร์ใช้ใน Editing ยังไง,general_question
คอมพิวเตอร์ใช้ใน Design ยังไง,general_question
คอมพิวเตอร์ใช้ใน Coding ยังไง,general_question
คอมพิวเตอร์ใช้ใน AI อย่างไร,general_question
คอมพิวเตอร์ใช้ใน Machine Learning อย่างไร,general_question
คอมพิวเตอร์ใช้ใน Data Science อย่างไร,general_question
คอมพิวเตอร์ใช้ใน Software อย่างไร,general_question
คอมพิวเตอร์ใช้ใน Hardware อย่างไร,general_question
คอมพิวเตอร์ใช้ใน Networking อย่างไร,general_question
คอมพิวเตอร์ใช้ใน Cloud อย่างไร,general_question
คอมพิวเตอร์ใช้ใน Server อย่างไร,general_question
คอมพิวเตอร์ใช้ใน Database อย่างไร,general_question
คอมพิวเตอร์ใช้ใน Website อย่างไร,general_question
คอมพิวเตอร์ใช้ใน App อย่างไร,general_question
คอมพิวเตอร์ใช้ใน Mobile อย่างไร,general_question
คอมพิวเตอร์ใช้ใน Game อย่างไร,general_question
คอมพิวเตอร์ใช้ใน Video อย่างไร,general_question
คอมพิวเตอร์ใช้ใน Audio อย่างไร,general_question
คอมพิวเตอร์ใช้ใน Design อย่างไร,general_question
คอมพิวเตอร์ใช้ใน Coding อย่างไร,general_question
คอมพิวเตอร์ใช้ใน Automation อย่างไร,general_question
คอมพิวเตอร์ใช้ใน Robotics อย่างไร,general_question
คอมพิวเตอร์ใช้ใน IoT อย่างไร,general_question
คอมพิวเตอร์ใช้ใน Security อย่างไร,general_question
คอมพิวเตอร์ใช้ใน Network อย่างไร,general_question
คอมพิวเตอร์ใช้ใน Education อย่างไร,general_question
คอมพิวเตอร์ใช้ใน Business อย่างไร,general_question
คอมพิวเตอร์ใช้ใน Industry อย่างไร,general_question
คอมพิวเตอร์ใช้ใน Health อย่างไร,general_question
คอมพิวเตอร์ใช้ใน Science อย่างไร,general_question
คอมพิวเตอร์ใช้ใน Research อย่างไร,general_question
คอมพิวเตอร์ใช้ใน Technology อย่างไร,general_question
คอมพิวเตอร์ใช้ใน Daily life อย่างไร,general_question
คอมพิวเตอร์ใช้ในชีวิตประจำวันยังไง,general_question
คอมพิวเตอร์ช่วยชีวิตยังไง,general_question
คอมพิวเตอร์สำคัญกับอนาคตไหม,general_question
คอมพิวเตอร์จะพัฒนาไปไหน,general_question
คอมพิวเตอร์จะเปลี่ยนโลกยังไง,general_question
คอมพิวเตอร์จะมีบทบาทยังไง,general_question
คอมพิวเตอร์จะสำคัญมากขึ้นไหม,general_question
คอมพิวเตอร์จะหายไปไหม,general_question
คอมพิวเตอร์จะพัฒนาเร็วไหม,general_question
คอมพิวเตอร์จะมี AI ไหม,general_question
คอมพิวเตอร์จะฉลาดขึ้นไหม,general_question
คอมพิวเตอร์จะช่วยอะไรได้อีก,general_question
คอมพิวเตอร์จะทำอะไรได้บ้างในอนาคต,general_question
คอมพิวเตอร์จะมีบทบาทในงานไหม,general_question
คอมพิวเตอร์จะสำคัญกับงานไหม,general_question
คอมพิวเตอร์จะช่วยงานยังไง,general_question
คอมพิวเตอร์จะช่วยเรียนยังไง,general_question
คอมพิวเตอร์จะช่วยชีวิตยังไง,general_question
คอมพิวเตอร์มีข้อดีอะไร,general_question
คอมพิวเตอร์มีข้อเสียอะไร,general_question
คอมพิวเตอร์มีผลกระทบอะไร,general_question
คอมพิวเตอร์มีอันตรายไหม,general_question
คอมพิวเตอร์มีประโยชน์ไหม,general_question
คอมพิวเตอร์ควรใช้ยังไง,general_question
คอมพิวเตอร์ควรดูแลยังไง,general_question
คอมพิวเตอร์ควรใช้อย่างไร,general_question
คอมพิวเตอร์ควรเลือกยังไง,general_question
คอมพิวเตอร์ควรซื้อยังไง,general_question
คอมพิวเตอร์ควรใช้แบบไหน,general_question
คอมพิวเตอร์ควรมีอะไร,general_question
คอมพิวเตอร์ควรเลือกอะไร,general_question
คอมพิวเตอร์ควรดูอะไร,general_question
คอมพิวเตอร์ควรคิดอะไร,general_question
คอมพิวเตอร์ควรใช้งานยังไง,general_question
คอมพิวเตอร์ควรปรับยังไง,general_question
คอมพิวเตอร์ควรอัปเกรดยังไง,general_question
คอมพิวเตอร์ควรเปลี่ยนยังไง,general_question
คอมพิวเตอร์ควรพัฒนายังไง,general_question
สวัสดี,greeting
สวัสดีครับ,greeting
สวัสดีค่ะ,greeting
หวัดดี,greeting
หวัดดีครับ,greeting
หวัดดีค่ะ,greeting
hello,greeting
hi,greeting
hey,greeting
yo,greeting
ดีครับ,greeting
ดีค่ะ,greeting
ทักครับ,greeting
ทักค่ะ,greeting
เป็นไงบ้าง,greeting
เป็นไง,greeting
อยู่ไหม,greeting
มีใครอยู่ไหม,greeting
บอทอยู่ไหม,greeting
ออนไลน์ไหม,greeting
ทำอะไรอยู่,greeting
เป็นยังไงบ้าง,greeting
สบายดีไหม,greeting
สบายดีมั้ย,greeting
ทดสอบ,greeting
test,greeting
hello bot,greeting
hi bot,greeting
hey bot,greeting
สวัสดีบอท,greeting
ทักทาย,greeting
ขอทักหน่อย,greeting
เข้ามาดู,greeting
ลองพิมพ์ดู,greeting
มาลองใช้,greeting
มาแล้ว,greeting
มาใหม่,greeting
มีอะไรช่วยได้ไหม,greeting
ช่วยอะไรได้บ้าง,greeting
บอททำอะไรได้,greeting
ใช้ยังไง,greeting
ทำอะไรได้บ้าง,greeting
ใช้งานยังไง,greeting
เริ่มยังไง,greeting
เริ่มต้นยังไง,greeting
บอทคืออะไร,greeting
นี่คืออะไร,greeting
ทำอะไรได้,greeting
ใช้ยังไงดี,greeting
มีอะไรให้ช่วย,greeting
ช่วยหน่อย,greeting
ขอความช่วยเหลือ,greeting
help,greeting
help me,greeting
support,greeting
ช่วยแนะนำหน่อย,greeting
ขอคำแนะนำ,greeting
อยากรู้,greeting
สอบถามหน่อย,greeting
ขอถามหน่อย,greeting
???,greeting
...,greeting
555,greeting
5555,greeting
55555,greeting
อิอิ,greeting
ฮ่าๆ,greeting
ฮ่าๆๆ,greeting
งง,greeting
ไม่เข้าใจ,greeting
คืออะไร,greeting
อะไรนะ,greeting
พิมพ์อะไรดี,greeting
ลองดู,greeting
ทดสอบระบบ,greeting
เทส,greeting
ทดสอบบอท,greeting
ลองถาม,greeting
ลองใช้,greeting
ลองคุย,greeting
มาคุยกัน,greeting
คุยได้ไหม,greeting
ว่างไหม,greeting
คุยหน่อย,greeting
มีเวลาไหม,greeting
อยู่หรือเปล่า,greeting
อยู่มั้ย,greeting
มีคนตอบไหม,greeting
ใครอยู่,greeting
ใครตอบ,greeting
ใครคุยด้วย,greeting
บอทตอบไหม,greeting
ตอบหน่อย,greeting
ตอบหน่อยครับ,greeting
ตอบหน่อยค่ะ,greeting
ช่วยตอบหน่อย,greeting
ช่วยตอบหน่อยครับ,greeting
ช่วยตอบหน่อยค่ะ,greeting
มีคนไหม,greeting
มีใครไหม,greeting
อะไร,greeting
อะไรอะ,greeting
งงมาก,greeting
งงจัง,greeting
ไม่รู้,greeting
ไม่เข้าใจเลย,greeting
อธิบายหน่อย,greeting
ช่วยอธิบาย,greeting
บอกหน่อย,greeting
บอกที,greeting
คืออะไรครับ,greeting
คืออะไรคะ,greeting
คืออะไรเหรอ,greeting
อะไรครับ,greeting
อะไรคะ,greeting
อะไรเหรอ,greeting
เอ้า,greeting
อ้าว,greeting
หืม,greeting
ห๊ะ,greeting
โอเค,greeting
โอเคครับ,greeting
โอเคค่ะ,greeting
ได้เลย,greeting
ได้ครับ,greeting
ได้ค่ะ,greeting
ขอบคุณ,greeting
ขอบคุณครับ,greeting
ขอบคุณค่ะ,greeting
thank you,greeting
thanks,greeting
thx,greeting
bye,greeting
goodbye,greeting
ลาก่อน,greeting
ไปก่อนนะ,greeting
ไว้คุยใหม่,greeting
เจอกันใหม่,greeting
ไปละ,greeting
ไปก่อน,greeting
แค่นี้แหละ,greeting
พอแล้ว,greeting
จบ,greeting
จบแล้ว,greeting
ขอบใจ,greeting
ขอบใจนะ,greeting
เยี่ยม,greeting
ดีมาก,greeting
โอเคดี,greeting
เจ๋ง,greeting
สุดยอด,greeting
เท่ดี,greeting
ใช้ได้,greeting
ไม่โอเค,greeting
ไม่ดี,greeting
แย่,greeting
ไม่ชอบ,greeting
งั้นๆ,greeting
เฉยๆ,greeting
ก็โอเค,greeting
งงๆ,greeting
ไม่รู้เหมือนกัน,greeting
แล้วไงต่อ,greeting
ต่อยังไง,greeting
ทำต่อยังไง,greeting
แล้วทำอะไร,greeting
แล้วต้องทำยังไง,greeting
แล้วไงดี,greeting
เอายังไงดี,greeting
ช่วยหน่อยได้ไหม,greeting
ช่วยทีได้ไหม,greeting
ช่วยหน่อยนะ,greeting
ช่วยทีนะ,greeting
ขอหน่อย,greeting
ขอที,greeting
ขอหน่อยนะ,greeting
ขอทีนะ,greeting
เออ,greeting
อืม,greeting
อืมๆ,greeting
อืมม,greeting
โอเคๆ,greeting
ได้ๆ,greeting
ครับ,greeting
ค่ะ,greeting
จ้า,greeting
จ้าๆ,greeting
อื้ม,greeting
อื้อ,greeting
เอ้าโอเค,greeting
โอเคจ้า,greeting
เข้าใจแล้ว,greeting
เข้าใจละ,greeting
อ๋อ,greeting
อ๋อเข้าใจ,greeting
อ๋อแบบนี้นี่เอง,greeting
อ๋อครับ,greeting
อ๋อค่ะ,greeting
เค,greeting
k,greeting
